,row_id,question_id,prediction,explanation,raw_output,actual_answer,is_correct,split,error,processing_time
0,2576,Mercury_7090598,C,فرایند زیررفت (subduction) شامل انتقال مقدار زیادی از انرژی حرارتی است، زیرا در این فرایند صفحات تکتونیکی به زیر یکدیگر می‌روند و باعث ایجاد فشار و حرارت زیاد می‌شوند. این حرارت می‌تواند منجر به ذوب سنگ‌ها و فعالیت‌های آتش‌فشانی شود، که نشان‌دهنده انتقال انرژی حرارتی در مقیاس بزرگ است.,"<prediction>C</prediction>  
<explanation>فرایند زیررفت (subduction) شامل انتقال مقدار زیادی از انرژی حرارتی است، زیرا در این فرایند صفحات تکتونیکی به زیر یکدیگر می‌روند و باعث ایجاد فشار و حرارت زیاد می‌شوند. این حرارت می‌تواند منجر به ذوب سنگ‌ها و فعالیت‌های آتش‌فشانی شود، که نشان‌دهنده انتقال انرژی حرارتی در مقیاس بزرگ است.</explanation>",C,True,validation,,3.588926076889038
1,2278,Mercury_7108990,A,کهکشان‌ها به عنوان ساختارهای بزرگ و وسیع در جهان، شامل میلیاردها ستاره، گاز و غبار هستند و فضای بسیار زیادی را اشغال می‌کنند. در مقایسه با سایر گزینه‌ها، کهکشان‌ها به دلیل اندازه و تعداد اجزای خود، بیشترین حجم را دارند.,"<prediction>A</prediction>  
<explanation>کهکشان‌ها به عنوان ساختارهای بزرگ و وسیع در جهان، شامل میلیاردها ستاره، گاز و غبار هستند و فضای بسیار زیادی را اشغال می‌کنند. در مقایسه با سایر گزینه‌ها، کهکشان‌ها به دلیل اندازه و تعداد اجزای خود، بیشترین حجم را دارند.</explanation>",A,True,test,,2.793034791946411
2,2104,Mercury_184818,D,در محیطی با میدان گرانشی بیشتر از زمین، موجودات نیاز به قدرت بیشتری برای حرکت و تحمل وزن خود دارند. پاهای کوتاه و قوی به آنها کمک می‌کند تا بهتر از پس فشار گرانش برآیند و در عین حال توانایی حرکت و فعالیت را حفظ کنند. بنابراین، این نوع سازگاری برای بقا در چنین شرایطی بسیار مفید خواهد بود.,"<prediction>D</prediction>  
<explanation>در محیطی با میدان گرانشی بیشتر از زمین، موجودات نیاز به قدرت بیشتری برای حرکت و تحمل وزن خود دارند. پاهای کوتاه و قوی به آنها کمک می‌کند تا بهتر از پس فشار گرانش برآیند و در عین حال توانایی حرکت و فعالیت را حفظ کنند. بنابراین، این نوع سازگاری برای بقا در چنین شرایطی بسیار مفید خواهد بود.</explanation>",D,True,test,,2.8537609577178955
3,2445,Mercury_SC_407314,A,بهترین راه برای دانش‌آموزان برای تعیین دلیل تفاوت نتایج، مرور مراحل انجام شده در تحقیقات است. این کار به آن‌ها کمک می‌کند تا متوجه شوند آیا در روش‌های تحقیقاتی یا جمع‌آوری داده‌ها اشتباهی وجود داشته است که باعث تفاوت نتایج شده است. بررسی مراحل می‌تواند به شناسایی نقاط ضعف یا نواقص در فرآیند تحقیق کمک کند.,"<prediction>A</prediction>  
<explanation>بهترین راه برای دانش‌آموزان برای تعیین دلیل تفاوت نتایج، مرور مراحل انجام شده در تحقیقات است. این کار به آن‌ها کمک می‌کند تا متوجه شوند آیا در روش‌های تحقیقاتی یا جمع‌آوری داده‌ها اشتباهی وجود داشته است که باعث تفاوت نتایج شده است. بررسی مراحل می‌تواند به شناسایی نقاط ضعف یا نواقص در فرآیند تحقیق کمک کند.</explanation>",A,True,validation,,2.0013744831085205
4,2432,LEAP_2004_8_10397,B,ماه نیروی گرانشی کمتری نسبت به زمین دارد، به همین دلیل افراد می‌توانند در آنجا بالاتر بپرند. نیروی گرانشی کمتر به این معنی است که وزن آنها در ماه کمتر احساس می‌شود و این امکان را برای آنها فراهم می‌کند که پرش‌های بلندتری داشته باشند.,"<prediction>B</prediction>  
<explanation>ماه نیروی گرانشی کمتری نسبت به زمین دارد، به همین دلیل افراد می‌توانند در آنجا بالاتر بپرند. نیروی گرانشی کمتر به این معنی است که وزن آنها در ماه کمتر احساس می‌شود و این امکان را برای آنها فراهم می‌کند که پرش‌های بلندتری داشته باشند.</explanation>",B,True,validation,,2.4065449237823486
