Passage,Question,Original Answer,Predicted Answer,Option 1,Option 2,Option 3,Option 4,Explanation:,Highlight,Keywords:,KG_Context_Raw,KG_Context_Clean,KG_Explanation_Raw
آنفولانزای مرغی، یا به‌اصطلاح رسمی‌تر آن آنفولانزای پرندگان، می‌تواند سبب ابتلای پرندگان و نیز پستانداران شود. تاکنون کمتر از هزار مورد در انسان گزارش شده است، اما برخی از آنها کشنده بوده است. بیشتر آنها افرادی را درگیر کرده‌اند که با مرغداری کار می‌کنند، اما خطراتی برای پرنده‌نگری نیز وجود دارد.,مطابق با متن، کدام‌یک از عبارت‌های زیر آنفولانزای پرندگان را به‌طور دقیق توصیف می‌کند؟,3,3,فقط کارکنان مرغداری به آنفولانزا مبتلا شده‌اند,موارد بیشتری در انسان‌ها نسبت به پرنده‌ها گزارش شده است,تماشاکنندگان پرندگان در خطر مبتلا شدن هستند,تمام موارد گزارش شده در انسان‌ها مرگبار بوده است,در متن ذکر شده است که آنفولانزای پرندگان می‌تواند هم پرندگان و هم پستانداران را مبتلا کند. اگرچه بیشتر موارد گزارش شده مربوط به کارکنان مرغداری است، اما به صراحت به این نکته اشاره شده که «خطراتی برای پرنده‌نگری نیز وجود دارد». این جمله نشان می‌دهد که تماشاکنندگان پرندگان نیز در معرض خطر ابتلا به این بیماری هستند. بنابراین، گزینه 3 به‌طور دقیق‌تر آنفولانزای پرندگان را توصیف می‌کند. ,اما به صراحت به این نکته اشاره شده که «خطراتی برای پرنده‌نگری نیز وجود دارد».,"['پرندگان', 'پستانداران', 'مرغداری', 'پرنده\u200cنگری']","```python
[
    ['آنفولانزای مرغی', 'به‌اصطلاح رسمی‌تر', 'آنفولانزای پرندگان'],
    ['آنفولانزای پرندگان', 'سبب ابتلای', 'پرندگان'],
    ['آنفولانزای پرندگان', 'سبب ابتلای', 'پستانداران'],
    ['آنفولانزای پرندگان', 'گزارش شده در', 'انسان'],
    ['آنفولانزای پرندگان', 'کشنده', 'برخی از موارد'],
    ['آنفولانزای پرندگان', 'درگیر کرده', 'افرادی که با مرغداری کار می‌کنند'],
    ['آنفولانزای پرندگان', 'خطراتی برای', 'پرنده‌نگری']
]
```","[['آنفولانزای مرغی', 'به اصطلاح رسمی تر', 'آنفولانزای پرندگان'], ['آنفولانزای پرندگان', 'سبب ابتلای', 'پرندگان'], ['آنفولانزای پرندگان', 'سبب ابتلای', 'پستانداران'], ['آنفولانزای پرندگان', 'گزارش شده در', 'انسان'], ['آنفولانزای پرندگان', 'کشنده', 'برخی از موارد'], ['آنفولانزای پرندگان', 'درگیر کرده', 'افرادی که با مرغداری کار می کنند'], ['آنفولانزای پرندگان', 'خطراتی برای', 'پرنده نگری']]","```python
[
    ['آنفولانزای پرندگان', 'می‌تواند مبتلا کند', 'پرندگان'],
    ['آنفولانزای پرندگان', 'می‌تواند مبتلا کند', 'پستانداران'],
    ['موارد گزارش شده', 'مربوط به', 'کارکنان مرغداری'],
    ['خطرات', 'وجود دارد برای', 'پرنده‌نگری'],
    ['تماشاکنندگان پرندگان', 'در معرض خطر', 'ابتلا به این بیماری'],
    ['گزینه 3', 'توصیف می‌کند', 'آنفولانزای پرندگان']
]
```"
کودکان از زمان کودکی نسبت به نژاد و کلیشه های نژادی آگاهی کسب می‌کنند و این کلیشه های نژادی بر رفتار تأثیر می گذارند. برای نمونه، کودکانی که با یک اقلیت‌نژادی شناخته می‌شوند که به‌صورت کلیشه‌ای عملکرد خوبی در مدرسه ندارد، به‌محض اینکه از این کلیشه نژاد خود آگاه می‌شوند تلاش می‌کنند تا عملکرد خوبی در مدرسه نداشته باشند.,با توجه به نظریه ارائه شده در متن، برای کودکانی که با یک اقلیت‌نژادی شناخته می‌شوند که به‌صورت کلیشه‌ای رفتار تهدیدآمیز دارد، چه اتفاقی ممکن است رخ دهد؟,2,2,کودک سعی می‌کند از درگیر شدن در رفتارهای تهدیدآمیز خودداری کند,احتمال بیشتری وجود دارد که کودک درگیر رفتارهای تهدیدآمیز شود,کودک در موقعیت‌های اجتماعی کناره‌گیری می‌کند,کودک از تعامل با سایر اقلیت‌های نژادی امتناع خواهد کرد,در این متن، نظریه‌ای مطرح می‌شود که نشان می‌دهد کودکان تحت تأثیر کلیشه‌های نژادی قرار می‌گیرند و این کلیشه‌ها بر رفتار آنها تأثیرگذار است. به طور خاص، مثال ذکر شده در متن، به کودکانی اشاره دارد که با یک اقلیت نژادی مرتبط هستند و این کلیشه وجود دارد که این گروه نژادی در مدرسه عملکرد ضعیفی دارند. طبق این نظریه، کودکان پس از آگاهی از این کلیشه، ممکن است تلاش کنند تا خود را با آن تطبیق دهند و عملکرد ضعیفی در مدرسه داشته باشند. این مثال، الگوی رفتاری را نشان می‌دهد که در آن کودکان رفتار خود را بر اساس کلیشه‌های نژادی شکل می‌دهند. بنابراین، منطقی است که این الگو را به سایر کلیشه‌های نژادی نیز تعمیم دهیم. در مورد کودکانی که با اقلیت نژادی مرتبط هستند و کلیشه تهدیدآمیز بودن وجود دارد، احتمال بیشتری وجود دارد که کودک نیز درگیر رفتارهای تهدیدآمیز شود، زیرا این کلیشه بر رفتار او تأثیر می‌گذارد. این نظریه نشان می‌دهد که کودکان ممکن است رفتارهایی را تقلید کنند که با کلیشه‌های نژادی مرتبط است. ,کودکان از زمان کودکی نسبت به نژاد و کلیشه های نژادی آگاهی کسب می‌کنند و این کلیشه های نژادی بر رفتار تأثیر می گذارند. برای نمونه، کودکانی که با یک اقلیت‌نژادی شناخته می‌شوند که به‌صورت کلیشه‌ای عملکرد خوبی در مدرسه ندارد، به‌محض اینکه از این کلیشه نژاد خود آگاه می‌شوند تلاش می‌کنند تا عملکرد خوبی در مدرسه نداشته باشند.,"['کلیشه نژادی', 'تأثیر بر رفتار', 'اقلیت نژادی', 'تطبیق رفتار با کلیشه']","```python
[
    ['کودکان', 'آگاه می‌شوند از', 'نژاد و کلیشه های نژادی'],
    ['کلیشه های نژادی', 'بر تأثیر می گذارند', 'رفتار'],
    ['کودکان', 'شناخته می‌شوند به عنوان', 'اقلیت‌نژادی'],
    ['اقلیت‌نژادی', 'عملکرد خوبی در', 'مدرسه ندارد'],
    ['کودکان', 'تلاش می‌کنند تا', 'عملکرد خوبی در مدرسه نداشته باشند'],
    ['کلیشه نژاد', 'آگاه می‌شوند از', 'کودکان']
]
```","[['کودکان', 'آگاه می شوند از', 'نژاد و کلیشه های نژادی'], ['کلیشه های نژادی', 'بر تأثیر می گذارند', 'رفتار'], ['کودکان', 'شناخته می شوند به عنوان', 'اقلیت نژادی'], ['اقلیت نژادی', 'عملکرد خوبی در', 'مدرسه ندارد'], ['کودکان', 'تلاش می کنند تا', 'عملکرد خوبی در مدرسه نداشته باشند'], ['کلیشه نژاد', 'آگاه می شوند از', 'کودکان']]","```python
[
    ['کودکان', 'تحت تأثیر', 'کلیشه‌های نژادی'],
    ['کلیشه‌های نژادی', 'بر تأثیرگذار است', 'رفتار کودکان'],
    ['کودکان', 'مرتبط هستند با', 'اقلیت نژادی'],
    ['اقلیت نژادی', 'عملکرد ضعیفی دارند در', 'مدرسه'],
    ['کودکان', 'آگاه می‌شوند از', 'کلیشه'],
    ['کودکان', 'تلاش می‌کنند تا', 'خود را با کلیشه تطبیق دهند'],
    ['کودکان', 'عملکرد ضعیفی دارند در', 'مدرسه'],
    ['الگوی رفتاری', 'شکل می‌گیرد بر اساس', 'کلیشه‌های نژادی'],
    ['کلیشه تهدیدآمیز', 'وجود دارد برای', 'کودکان مرتبط با اقلیت نژادی'],
    ['کلیشه تهدیدآمیز', 'بر تأثیر می‌گذارد بر', 'رفتار کودک'],
    ['کودکان', 'تقلید می‌کنند از', 'رفتارهای مرتبط با کلیشه‌های نژادی']
]
```"
سفر با هواپیما می‌تواند برای افراد از تمام سنین و پیش‌زمینه‌ها تجربه‌ای ترسناک باشد، بویژه اگر قبلاً‌ پرواز نکرده باشند یا سانحه دلخراشی را تجربه کرده باشند. این چیزی نیست که از آن شرمنده باشی: این متفاوت از ترس شخصی و نفرت از چیزهای دیگر که در بسیاری از افراد وجود دارد، نیست. برای برخی،‌ فهم چگونگی کار کردن هواپیما و اتفاقاتی که طی پرواز رخ می‌دهد شاید بتواند به غلبه بر ترسی کمک کند که ناشی از دنیای ناشناخته‌ها و عدم داشتن کنترل است.,تحت چه شرایطی احتمالاً دانستن نحوه کارکرد داخلی هواپیما برای مسافر مضطرب آن مفید خواهد بود؟,2,2,اگر مسافر از ترس خود خجالت‌زده باشد,اگر نفرت او از پرواز ناشی از ترس از ناشناخته‌ها باشد,اگر مسافر مخالف هر نوع وسیله نقلیه باشد,اگر ریشه اضطراب او از رخدادهای ترومای نامربوط به پرواز باشد,در متن ارائه شده، به وضوح اشاره شده است که دانستن نحوه کارکرد هواپیما می‌تواند به افرادی که از ناشناخته‌ها و عدم کنترل در حین پرواز می‌ترسند، کمک کند. این ترس از ناشناخته‌ها، به طور خاص مورد اشاره قرار گرفته و توضیح داده شده است که چگونه آگاهی از فرآیندهای پرواز می‌تواند این ترس را کاهش دهد. بنابراین، گزینه 2 به طور مستقیم با این مفهوم ارتباط دارد. این ایده که ترس از ناشناخته‌ها می‌تواند با درک بهتر فرآیندهای پرواز کاهش یابد، کلید اصلی در این متن است. این استدلال نشان می‌دهد که دانستن جزئیات بیشتر می‌تواند به مسافران مضطرب کمک کند تا احساس آرامش بیشتری داشته باشند. ,این چیزی نیست که از آن شرمنده باشی: این متفاوت از ترس شخصی و نفرت از چیزهای دیگر که در بسیاری از افراد وجود دارد، نیست. برای برخی،‌ فهم چگونگی کار کردن هواپیما و اتفاقاتی که طی پرواز رخ می‌دهد شاید بتواند به غلبه بر ترسی کمک کند که ناشی از دنیای ناشناخته‌ها و عدم داشتن کنترل است.,"['ترس', 'ناشناخته\u200cها', 'عدم کنترل', 'فهم چگونگی کار کردن هواپیما', 'اتفاقات پرواز']","```python
[
    ['سفر با هواپیما', 'می‌تواند', 'تجربه‌ای ترسناک باشد'],
    ['افراد', 'از', 'تمام سنین و پیش‌زمینه‌ها'],
    ['پرواز نکردن', 'باعث', 'ترس'],
    ['سانحه دلخراش', 'باعث', 'ترس'],
    ['فهم چگونگی کار کردن هواپیما', 'کمک می‌کند به', 'غلبه بر ترس'],
    ['ترس', 'ناشی از', 'دنیای ناشناخته‌ها و عدم داشتن کنترل'],
    ['اتفاقاتی که طی پرواز رخ می‌دهد', 'کمک می‌کند به', 'غلبه بر ترس']
]
```","[['سفر با هواپیما', 'می تواند', 'تجربه ای ترسناک باشد'], ['افراد', 'از', 'تمام سنین و پیش زمینه ها'], ['پرواز نکردن', 'باعث', 'ترس'], ['سانحه دلخراش', 'باعث', 'ترس'], ['فهم چگونگی کار کردن هواپیما', 'کمک می کند به', 'غلبه بر ترس'], ['ترس', 'ناشی از', 'دنیای ناشناخته ها و عدم داشتن کنترل'], ['اتفاقاتی که طی پرواز رخ می دهد', 'کمک می کند به', 'غلبه بر ترس']]","```python
[
    ['آگاهی از فرآیندهای پرواز', 'کاهش می‌دهد', 'ترس از ناشناخته‌ها'],
    ['ترس از ناشناخته‌ها', 'مربوط به', 'افرادی که از عدم کنترل در حین پرواز می‌ترسند'],
    ['آگاهی از فرآیندهای پرواز', 'کمک می‌کند', 'افرادی که از ناشناخته‌ها می‌ترسند'],
    ['دانستن جزئیات بیشتر', 'کمک می‌کند', 'مسافران مضطرب'],
    ['احساس آرامش بیشتر', 'نتیجه', 'کاهش ترس از ناشناخته‌ها'],
    ['گزینه 2', 'مربوط به', 'کاهش ترس از ناشناخته‌ها']
]
```"
روز چهارشنبه، اتحادیه ملی بسکتبال ایالات متحده (NBA) به دلیل نگرانی در مورد کووید-19، فصل بسکتبال حرفه‌ای خود را به حالت تعلیق درآورد. تصمیم NBA به دنبال آزمایش مثبت ویروس کووید-19 بازیکن یوتا جاز بود.,NBA تصمیم به تعلیق کدام مورد زیر گرفت؟,1,1,فصل بسکتبال,یک بازیکن از یوتا جاز,هر بازیکنی که تست کووید-19 او مثبت شد,تیم بسکتبال یوتا جاز,در متن آمده است که اتحادیه ملی بسکتبال ایالات متحده (NBA) فصل بسکتبال حرفه‌ای خود را به حالت تعلیق درآورده است. این تصمیم پس از آن گرفته شد که یکی از بازیکنان تیم یوتا جاز به ویروس کووید-19 مبتلا شد. اما در متن اشاره‌ای به تعلیق تیم یوتا جاز یا هر بازیکن دیگری نشده است. لذا تنها گزینه صحیح، گزینه 1 است. ,اتحادیه ملی بسکتبال ایالات متحده (NBA) فصل بسکتبال حرفه‌ای خود را به حالت تعلیق درآورده است.,"['اتحادیه ملی بسکتبال ایالات متحده', 'فصل بسکتبال', 'تعلیق', 'کووید-19', 'بازیکن یوتا جاز']","```python
[
    ['اتحادیه ملی بسکتبال ایالات متحده', 'تعلیق', 'فصل بسکتبال حرفه‌ای']
]
```","[['اتحادیه ملی بسکتبال ایالات متحده', 'تعلیق', 'فصل بسکتبال حرفه ای']]","```python
[
    ['اتحادیه ملی بسکتبال ایالات متحده', 'تعلیق', 'فصل بسکتبال حرفه‌ای'],
    ['تعلیق', 'پس از', 'مبتلا شدن یکی از بازیکنان تیم یوتا جاز به ویروس کووید-19'],
    ['تیم یوتا جاز', 'مبتلا به', 'ویروس کووید-19'],
    ['تعلیق فصل بسکتبال حرفه‌ای', 'دلیل', 'مبتلا شدن یکی از بازیکنان تیم یوتا جاز'],
    ['تعلیق تیم یوتا جاز', 'ذکر نشده', 'در متن'],
    ['تنها گزینه صحیح', 'است', 'گزینه 1']
]
```"
او به همراه آن مقامات به شهروندان تگزاس اطمینان خاطر داد که اقداماتی برای حفاظت از ایمنی عمومی در حال انجام است. «پری» بویژه بیان کرد: «کمتر مکانی در دنیا مجهزتر از اینجا وجود دارد که برای مقابله با این مورد چالش‌انگیز آمادگی داشته باشد.» فرماندار همچنین اظهار داشت: «امروز دریافتیم که برخی از کودکان مدرسه‌ای شناسایی شده‌اند که با بیمار تماس داشته‌اند.» وی در ادامه گفت: «این پرونده جدی است. مطمئن باشید سیستم ما آنطور که باید کار می‌کند.»,مطابق با متن، فرماندار هنگام سخنرانی برای شهروندان تگزاس چه تضمینی نداد؟,4,4,سیستم به‌خوبی کار می‌کند,کارهایی برای حفاظت از ایمنی عموم درحال انجام است,آنها ابزار لازم را برای رویارویی با این چالش دارند,این پرونده جدی نیست,در این متن، فرماندار «پری» به شهروندان تگزاس اطمینان می‌دهد که اقداماتی برای حفظ ایمنی عمومی در حال انجام است و سیستم به خوبی عمل می‌کند. او همچنین تأکید می‌کند که این پرونده جدی است. اما در هیچ بخشی از متن، فرماندار تضمینی در مورد جدی نبودن پرونده نمی‌دهد. برعکس، او بر اهمیت و چالش‌برانگیز بودن آن تأکید می‌کند. بنابراین، گزینه 4 صحیح است. ,مطمئن باشید سیستم ما آنطور که باید کار می‌کند. این پرونده جدی است.,"['تضمین', 'فرماندار', 'ایمنی عمومی', 'سیستم', 'پرونده', 'جدی']","```python
[
    ['فرماندار', 'اطمینان خاطر داد', 'شهروندان تگزاس'],
    ['فرماندار', 'بیان کرد', 'اقدامات برای حفاظت از ایمنی عمومی'],
    ['فرماندار', 'اظهار داشت', 'برخی از کودکان مدرسه‌ای شناسایی شده‌اند'],
    ['کودکان مدرسه‌ای', 'تماس داشته‌اند', 'بیمار']
]
```","[['فرماندار', 'اطمینان خاطر داد', 'شهروندان تگزاس'], ['فرماندار', 'بیان کرد', 'اقدامات برای حفاظت از ایمنی عمومی'], ['فرماندار', 'اظهار داشت', 'برخی از کودکان مدرسه ای شناسایی شده اند'], ['کودکان مدرسه ای', 'تماس داشته اند', 'بیمار']]","```python
[
    ['فرماندار پری', 'اطمینان می‌دهد', 'شهروندان تگزاس'],
    ['اقدامات', 'در حال انجام', 'حفظ ایمنی عمومی'],
    ['سیستم', 'عمل می‌کند', 'به خوبی'],
    ['فرماندار', 'تأکید می‌کند', 'جدی بودن پرونده'],
    ['فرماندار', 'بر اهمیت تأکید می‌کند', 'چالش‌برانگیز بودن پرونده'],
    ['فرماندار', 'تضمینی نمی‌دهد', 'جدی نبودن پرونده'],
    ['گزینه 4', 'صحیح است', '']
]
```"
ACMA همچنین نتیجه گرفت که علیرغم اینکه این ویدئو در اینترنت پخش شده است ولی Big Brother از قوانین سانسور محتوای آنلاین تخطی نکرده است، زیرا این رسانه‌ها در وب‌سایت Big Brother ذخیره نشده بودند. قانون خدمات پخش مقررات محتوای اینترنتی را مشخص می‌کند، اما وقتی محتوایی جزء محتوای اینترنتی محسوب می‌شود که به‌شکل فیزیکی روی یک سرور مستقر باشد.,برای اینکه رسانه تحت مقوله محتوای اینترنتی لحاظ شود، باید چه پارامترهایی داشته باشد؟,2,2,باید از طریق اینترنت پخش شود,باید به صورت فیزیکی در سروری قرار گیرد,نمی‌تواند روی وبسایت ذخیره شود,باید توسط ACMA تأیید شود,در متن به صراحت بیان شده است که برای اینکه محتوایی تحت قوانین محتوای اینترنتی قرار بگیرد، باید به صورت فیزیکی روی یک سرور قرار گرفته باشد. این شرط به این معنی است که صرف پخش شدن محتوا در اینترنت، آن را در دسته‌بندی محتوای اینترنتی قرار نمی‌دهد. بنابراین، گزینه 2 صحیح است. ,قانون خدمات پخش مقررات محتوای اینترنتی را مشخص می‌کند، اما وقتی محتوایی جزء محتوای اینترنتی محسوب می‌شود که به‌شکل فیزیکی روی یک سرور مستقر باشد.,"['قانون خدمات پخش', 'محتوای اینترنتی', 'سرور', 'ذخیره']","```python
[
    ['محتوا', 'جزء', 'محتوای اینترنتی'],
    ['محتوا', 'باید', 'به‌شکل فیزیکی روی یک سرور مستقر باشد']
]
```","[['محتوا', 'جزء', 'محتوای اینترنتی'], ['محتوا', 'باید', 'به شکل فیزیکی روی یک سرور مستقر باشد']]","```python
[
    ['محتوا', 'باید به صورت فیزیکی روی', 'سرور قرار گرفته باشد'],
    ['شرط', 'به این معنی است که', 'صرف پخش شدن محتوا در اینترنت، آن را در دسته‌بندی محتوای اینترنتی قرار نمی‌دهد'],
    ['گزینه 2', 'صحیح است', '']
]
```"
تماشای شکوفه‌های گیلاس (هانامی) از قرن هشتم بخشی از فرهنگ ژاپن بوده است. این مفهوم از چین آمده است که گل منتخبش شکوفه‌های آلو بوده است. در ژاپن، نخستین مراسم شکوفه گیلاس توسط امپراتور و تنها برای خود او و اعضای اشرافی نزدیک به دربار امپراتوری برگزار می‌شود.,چه کسانی میزبان اولین گروه‌های مختص مشاهده شکوفه‌های گیلاس بودند؟,3,3,امپراطور چین,اشراف ژاپنی,امپراطور ژاپن,اشراف چینی,در متن به صراحت آمده است که امپراتور ژاپن میزبان مراسم شکوفه‌های گیلاس بوده است. این مراسم در ابتدا فقط برای امپراتور و اعضای اشرافی نزدیک به دربار امپراتوری برگزار می‌شده است. بنابراین، امپراتور ژاپن میزبان اولین گروه‌های مختص مشاهده شکوفه‌های گیلاس بوده است. ,در ژاپن، نخستین مراسم شکوفه گیلاس توسط امپراتور و تنها برای خود او و اعضای اشرافی نزدیک به دربار امپراتوری برگزار می‌شود.,"['امپراتور', 'دربار امپراتوری', 'اشراف', 'مراسم', 'شکوفه\u200cهای گیلاس']","```python
[
    ['امپراتور', 'میزبان', 'نخستین مراسم شکوفه گیلاس'],
    ['نخستین مراسم شکوفه گیلاس', 'برگزار شده برای', 'امپراتور و اعضای اشرافی نزدیک به دربار امپراتوری']
]
```","[['امپراتور', 'میزبان', 'نخستین مراسم شکوفه گیلاس'], ['نخستین مراسم شکوفه گیلاس', 'برگزار شده برای', 'امپراتور و اعضای اشرافی نزدیک به دربار امپراتوری']]","```python
[
    ['امپراتور ژاپن', 'میزبان', 'مراسم شکوفه‌های گیلاس'],
    ['مراسم شکوفه‌های گیلاس', 'برگزار شده برای', 'امپراتور و اعضای اشرافی نزدیک به دربار امپراتوری'],
    ['امپراتور ژاپن', 'میزبان', 'اولین گروه‌های مختص مشاهده شکوفه‌های گیلاس']
]
```"
روش بارز پرواز با صندلی فرست کلاس یا بیزینس این است که مبلغ هنگفتی را در ازای امتیاز بسلفید (یا بهتر اینکه می‌توانید به شرکتتان بگویید که ترتیب این کار را بدهد). با این حال، ارزان بدست نمی‌آید: یک قانون کلی می‌گوید می‌توان انتظار داشت تا چهار برابر کرایه عادی که برای حالت اقتصادی پرداخت می‌شود برای حالت تجاری و یازده برابر آن را برای درجه یک بپردازید! بطور کل، جستجوی تخفیف برای صندلی‌های بیزینس و فرست کلاس در پروازها از نقطه A به B هیچ فایده‌ای ندارد. خطوط هوایی به خوبی می‌دانند که گروهی از مسافرین هوایی با شرایط اضطراری مایل به پرداخت پول زیاد برای دریافت مزیت سفر سریع و راحت می‌باشند و بر این اساس قیمت‌گذاری می‌کنند.,مطابق با متن، هنگام رزرو کلاس‌های بلیط مشخص، جستجو برای چه چیز وقت تلف کردن است؟,3,3,پروازهای مستقیم,کلاس بیزینس,تخفیف‌ها,فرست کلاس,متن به صراحت بیان می‌کند که جستجو برای تخفیف در کلاس‌های بیزینس و فرست کلاس بی‌فایده است. این بدان معناست که جستجو برای تخفیف در این موارد وقت تلف کردن است. این استدلال بر اساس درک قیمت‌گذاری خطوط هوایی و تقاضای مسافران برای پروازهای سریع و راحت است. به طور خاص، متن اشاره می‌کند که خطوط هوایی می‌دانند مسافران در شرایط اضطراری حاضرند مبالغ بیشتری برای این نوع پروازها بپردازند. بنابراین، جستجو برای تخفیف در این کلاس‌های بلیط، احتمالاً نتیجه‌ای نخواهد داشت.,جستجوی تخفیف برای صندلی‌های بیزینس و فرست کلاس در پروازها از نقطه A به B هیچ فایده‌ای ندارد. خطوط هوایی به خوبی می‌دانند که گروهی از مسافرین هوایی با شرایط اضطراری مایل به پرداخت پول زیاد برای دریافت مزیت سفر سریع و راحت می‌باشند و بر این اساس قیمت‌گذاری می‌کنند.,"['جستجوی تخفیف', 'صندلی\u200cهای بیزینس و فرست کلاس', 'قیمت\u200cگذاری', 'مسافران در شرایط اضطراری']","```python
[
    ['جستجوی تخفیف', 'وقت تلف کردن است', 'صندلی‌های بیزینس و فرست کلاس']
]
```","[['جستجوی تخفیف', 'وقت تلف کردن است', 'صندلی های بیزینس و فرست کلاس']]","```python
[
    ['جستجو برای تخفیف', 'بی‌فایده است', 'کلاس‌های بیزینس و فرست کلاس'],
    ['جستجو برای تخفیف', 'وقت تلف کردن است', 'در کلاس‌های بیزینس و فرست کلاس'],
    ['استدلال', 'بر اساس', 'درک قیمت‌گذاری خطوط هوایی'],
    ['درک قیمت‌گذاری خطوط هوایی', 'مرتبط با', 'تقاضای مسافران برای پروازهای سریع و راحت'],
    ['خطوط هوایی', 'می‌دانند', 'مسافران در شرایط اضطراری حاضرند مبالغ بیشتری بپردازند'],
    ['جستجو برای تخفیف', 'احتمالاً نتیجه‌ای نخواهد داشت', 'در کلاس‌های بلیط']
]
```"
هدف اصلی علم کشف نحوه کار جهان از طریق روش علمی است. این روش در واقع اکثر تحقیقات علمی را هدایت می‌کند. با این‌حال این مورد به تنهایی نیست، آزمایش و یک تجربه است که برای از بین بردن یک یا چند فرضیه احتمالی، پرسیدن سؤال‌ها و ایجاد مشاهدات و نیز هدایت تحقیقات علمی لازم است.,با توجه به این متن، چه چیزی به هدایت تحقیقات علمی کمک نمی‌کند؟,1,1,روش علمی به تنهایی,انجام مشاهدات,حذف فرضیه‌های ممکن,انجام آزمایشات,در این متن به روشنی بیان شده است که روش علمی به تنهایی برای هدایت تحقیقات علمی کافی نیست. اگرچه روش علمی اکثر تحقیقات را هدایت می‌کند، اما این متن تاکید دارد که آزمایش، تجربه، پرسیدن سوالات، انجام مشاهدات و حذف فرضیه‌های احتمالی نیز در این فرایند نقش دارند. بنابراین، گزینه 1 (روش علمی به تنهایی) صحیح است، زیرا متن به صراحت بیان می‌کند که روش علمی به تنهایی برای هدایت تحقیقات کافی نیست و سایر مراحل نیز ضروری هستند. ,با این‌حال این مورد به تنهایی نیست، آزمایش و یک تجربه است که برای از بین بردن یک یا چند فرضیه احتمالی، پرسیدن سؤال‌ها و ایجاد مشاهدات و نیز هدایت تحقیقات علمی لازم است.,"['روش علمی', 'تحقیقات علمی', 'آزمایش', 'مشاهدات', 'فرضیه', 'تجربه']","```python
[
    ['روش علمی', 'هدایت', 'تحقیقات علمی'],
    ['آزمایش', 'کمک نمی‌کند به', 'هدایت تحقیقات علمی'],
    ['تجربه', 'کمک نمی‌کند به', 'هدایت تحقیقات علمی'],
    ['پرسیدن سؤال‌ها', 'کمک نمی‌کند به', 'هدایت تحقیقات علمی'],
    ['ایجاد مشاهدات', 'کمک نمی‌کند به', 'هدایت تحقیقات علمی']
]
```","[['روش علمی', 'هدایت', 'تحقیقات علمی'], ['آزمایش', 'کمک نمی کند به', 'هدایت تحقیقات علمی'], ['تجربه', 'کمک نمی کند به', 'هدایت تحقیقات علمی'], ['پرسیدن سؤال ها', 'کمک نمی کند به', 'هدایت تحقیقات علمی'], ['ایجاد مشاهدات', 'کمک نمی کند به', 'هدایت تحقیقات علمی']]","```python
[
    ['روش علمی', 'کافی نیست', 'هدایت تحقیقات علمی'],
    ['روش علمی', 'هدایت می‌کند', 'اکثر تحقیقات'],
    ['آزمایش', 'نقش دارد', 'فرایند تحقیق'],
    ['تجربه', 'نقش دارد', 'فرایند تحقیق'],
    ['پرسیدن سوالات', 'نقش دارد', 'فرایند تحقیق'],
    ['انجام مشاهدات', 'نقش دارد', 'فرایند تحقیق'],
    ['حذف فرضیه‌های احتمالی', 'نقش دارد', 'فرایند تحقیق'],
    ['سایر مراحل', 'ضروری هستند', 'هدایت تحقیقات']
]
```"
به دستور هروستراتوس، معبد آرتمیس در افسوس در 21 ژوئیه 356 قبل از میلاد آتش زده و تخریب شد. طبق این داستان، انگیزه او کسب شهرت به هر قیمتی بود. افسسیان با عصبانیت اعلام کردند نام هروستراتوس هرگز ثبت نشود. مورخ یونانی استرابو بعداً به نام آن اشاره كرده و اینگونه است كه امروزه آن را می‌شناسیم. در همان شبی که اسکندر مقدونی به دنیا آمد، معبد نابود شد. الکساندر، در جایگاه پادشاه، پیشنهاد کرد که هزینه بازسازی مقبره را بپردازد، اما پیشنهادش رد شد. بعدها پس از مرگ الکساندر، مقبره در سال 323 قبل از میلاد بازسازی شد.,چه کسی باعث آگاهی ما از آتش افروزی است که معبد را ویران کرد؟,3,3,افسسیان,الکساندر,استرابو,آرتمیس,در این متن، به نقش استرابو، مورخ یونانی، در ثبت نام هروستراتوس، عامل آتش‌افروزی معبد آرتمیس، اشاره شده است. استرابو با ذکر نام هروستراتوس، باعث شده است که امروزه از این فرد به عنوان عامل این واقعه آگاهی داشته باشیم. اگرچه افسسیان اعلام کردند که نام هروستراتوس ثبت نشود، اما استرابو با ثبت نام او، این اطلاعات را برای ما حفظ کرده است. بنابراین، استرابو نقش کلیدی در آگاهی ما از این واقعه تاریخی ایفا کرده است. ,مورخ یونانی استرابو بعداً به نام آن اشاره كرده و اینگونه است كه امروزه آن را می‌شناسیم.,"['مورخ یونانی', 'استرابو', 'ثبت نام', 'هروستراتوس', 'آتش\u200cافروزی', 'معبد آرتمیس']","```python
[
    ['هروستراتوس', 'آتش زده', 'معبد آرتمیس'],
    ['معبد آرتمیس', 'واقع در', 'افسوس'],
    ['استرابو', 'اشاره کرده', 'نام هروستراتوس'],
    ['اسکندر مقدونی', 'پیشنهاد کرد', 'هزینه بازسازی مقبره را بپردازد'],
    ['مقبره', 'بازسازی شد', 'سال 323 قبل از میلاد']
]
```","[['هروستراتوس', 'آتش زده', 'معبد آرتمیس'], ['معبد آرتمیس', 'واقع در', 'افسوس'], ['استرابو', 'اشاره کرده', 'نام هروستراتوس'], ['اسکندر مقدونی', 'پیشنهاد کرد', 'هزینه بازسازی مقبره را بپردازد'], ['مقبره', 'بازسازی شد', 'سال 323 قبل از میلاد']]","```python
[
    ['استرابو', 'نقش', 'ثبت نام هروستراتوس'],
    ['هروستراتوس', 'عامل', 'آتش‌افروزی معبد آرتمیس'],
    ['استرابو', 'باعث', 'آگاهی از هروستراتوس'],
    ['افسسیان', 'اعلام کردند', 'نام هروستراتوس ثبت نشود'],
    ['استرابو', 'حفظ کرده است', 'اطلاعات درباره هروستراتوس'],
    ['استرابو', 'نقش کلیدی', 'آگاهی از واقعه تاریخی']
]
```"
